,0,1
0,['CC510086'],"[[368.  387.  391.  ... 474.  471.  524. ]
 [367.  386.  389.  ... 475.  467.  510.5]
 [366.5 385.  389.  ... 470.  467.  500. ]
 ...
 [368.  387.  393.  ... 473.  472.  521. ]
 [367.  385.  393.  ... 471.  468.  515.5]
 [367.  386.  392.  ... 474.  469.  501.5]]"
1,['CC510208'],"[[489.  491.  516.5 ... 542.  548.  571. ]
 [485.  487.5 514.  ... 543.  550.  571.5]
 [488.  488.  513.  ... 532.  541.  560. ]
 ...
 [488.  487.  515.  ... 542.  553.  581.5]
 [486.5 486.5 514.  ... 543.  554.  571. ]
 [487.  487.  515.  ... 545.  555.  573. ]]"
2,['CC510220'],"[[471.5 480.  487.  ... 567.  553.  602. ]
 [469.  475.5 483.  ... 560.  549.  604. ]
 [468.  473.  479.5 ... 563.  550.  592.5]
 ...
 [473.5 479.  486.  ... 569.  559.  577. ]
 [470.  477.  485.  ... 566.  558.  584. ]
 [470.  478.  486.  ... 564.  555.  576. ]]"
3,['CC510226'],"[[498.  501.  500.  ... 590.  580.  633.5]
 [496.  499.  497.  ... 588.  572.  627.5]
 [491.  495.5 498.  ... 576.  569.  617. ]
 ...
 [499.  502.  502.  ... 596.  575.  621. ]
 [498.  502.5 504.  ... 595.  574.  609.5]
 [496.5 500.  504.  ... 594.  572.  622.5]]"
4,['CC510237'],"[[547.5 581.5 567.  ... 603.  573.  622. ]
 [543.5 578.5 566.  ... 600.  567.  607. ]
 [545.  579.  567.  ... 597.  565.  605. ]
 ...
 [545.  579.  571.  ... 608.  576.  595. ]
 [544.  580.  569.  ... 611.  577.  607.5]
 [544.  580.  571.  ... 605.  578.  610. ]]"
5,['CC510304'],"[[451.  456.  453.  ... 556.  549.  626.5]
 [451.  453.  452.5 ... 553.  548.  614. ]
 [446.  451.  450.  ... 554.  551.  619.5]
 ...
 [448.  453.  449.  ... 560.  553.  601.5]
 [450.  455.5 453.  ... 566.  563.  600. ]
 [452.  457.  453.5 ... 565.  562.  601.5]]"
6,['CC510355'],"[[505.5 527.  517.5 ... 617.  601.  667. ]
 [503.  525.5 514.  ... 607.  596.  647.5]
 [501.5 524.  515.  ... 610.  596.  646. ]
 ...
 [499.  525.  507.  ... 617.  609.  651.5]
 [498.  525.  510.  ... 613.  607.  647. ]
 [499.5 524.5 509.  ... 619.  612.  646. ]]"
7,['CC510392'],"[[490.  514.  518.5 ... 615.  613.  668.5]
 [489.5 513.  517.  ... 614.  609.  671. ]
 [487.  512.  515.  ... 613.  606.  653.5]
 ...
 [493.  515.  518.  ... 610.  613.  676. ]
 [490.  512.5 515.  ... 610.  617.  659.5]
 [492.  514.  518.  ... 609.  612.  669. ]]"
8,['CC510393'],"[[409.  404.  437.5 ... 507.  493.  541. ]
 [407.  401.5 437.  ... 509.  501.  543. ]
 [407.  401.  436.5 ... 507.  498.  533. ]
 ...
 [407.  400.  436.5 ... 510.  499.  539.5]
 [406.  400.  436.  ... 510.  497.  538. ]
 [407.  403.  436.5 ... 511.  500.  538. ]]"
9,['CC510395'],"[[434.5 441.  448.  ... 522.  517.  628.5]
 [430.  438.  447.  ... 509.  511.  617.5]
 [432.  438.  445.5 ... 514.  511.  610.5]
 ...
 [427.  435.  440.5 ... 519.  514.  637.5]
 [433.  438.  444.  ... 517.  508.  637. ]
 [425.5 433.  440.  ... 520.  512.  642.5]]"
10,['CC510434'],"[[433.  427.  415.  ... 502.  493.  567.5]
 [434.  426.  412.  ... 495.  487.  562. ]
 [436.  423.  415.  ... 498.  492.  555. ]
 ...
 [426.  418.  409.  ... 487.  484.  551.5]
 [424.5 417.  408.5 ... 484.  481.  533. ]
 [427.  419.  408.5 ... 489.  487.  533. ]]"
11,['CC510473'],"[[535.5 545.5 532.  ... 633.  619.  662.5]
 [532.5 543.  530.  ... 625.  617.  654.5]
 [533.  544.5 531.  ... 629.  614.  656. ]
 ...
 [536.  544.  533.5 ... 629.  616.  648. ]
 [535.5 544.  535.  ... 634.  617.  654. ]
 [535.  546.  534.  ... 631.  619.  656.5]]"
12,['CC510474'],"[[425.  449.  448.5 ... 520.  493.  566.5]
 [421.5 446.5 446.  ... 520.  489.  563. ]
 [423.  448.  446.  ... 517.  487.  561.5]
 ...
 [422.  448.  446.  ... 514.  488.  565.5]
 [421.  447.  444.  ... 512.  486.  552.5]
 [422.  449.  448.  ... 514.  488.  560.5]]"
13,['CC510480'],"[[396.  403.5 393.  ... 439.  444.  477.5]
 [392.  396.5 391.  ... 437.  435.  461. ]
 [389.  395.5 386.  ... 437.  434.  456.5]
 ...
 [391.  400.  390.  ... 444.  440.  471.5]
 [387.  392.  383.  ... 434.  435.  455.5]
 [387.  394.  388.  ... 430.  431.  459. ]]"
14,['CC510534'],"[[479.5 490.  479.  ... 646.  612.  671.5]
 [479.  488.  478.  ... 639.  603.  665.5]
 [479.  486.  478.5 ... 631.  595.  673. ]
 ...
 [478.  488.  476.  ... 639.  604.  651. ]
 [476.  489.  477.  ... 635.  602.  656. ]
 [477.5 489.5 477.  ... 632.  598.  654.5]]"
15,['CC520013'],"[[575.  600.  564.  ... 718.  686.  714. ]
 [575.  599.  563.  ... 703.  675.  711.5]
 [573.  595.  562.  ... 701.  671.  709. ]
 ...
 [574.5 599.  564.  ... 706.  682.  718.5]
 [573.  596.  561.  ... 708.  686.  717. ]
 [572.5 594.5 561.  ... 705.  683.  705. ]]"
16,['CC520083'],"[[366.  397.  399.  ... 448.  455.  509.5]
 [365.  397.  401.  ... 450.  458.  502.5]
 [364.  396.  399.  ... 452.  461.  500.5]
 ...
 [364.  399.  400.5 ... 459.  459.  490.5]
 [363.  398.5 398.  ... 460.  460.  494.5]
 [361.  397.  397.  ... 456.  459.  494.5]]"
17,['CC520122'],"[[429.  457.  468.5 ... 548.  518.  561.5]
 [427.  457.  467.5 ... 544.  512.  549. ]
 [424.5 454.  465.  ... 538.  513.  538. ]
 ...
 [427.5 456.  469.5 ... 548.  516.  546.5]
 [427.  456.5 469.  ... 544.  513.  546. ]
 [426.  455.  470.  ... 545.  515.  554.5]]"
18,['CC520127'],"[[467.  509.  496.5 ... 562.  539.  613. ]
 [467.  507.5 494.  ... 555.  531.  600.5]
 [467.  508.  494.  ... 559.  533.  597. ]
 ...
 [467.5 507.  495.  ... 558.  534.  586.5]
 [468.  508.5 495.  ... 556.  533.  587.5]
 [467.  505.  494.  ... 554.  530.  589.5]]"
19,['CC520134'],"[[457.5 465.  462.5 ... 485.  471.  468. ]
 [459.5 466.  462.  ... 490.  471.  465. ]
 [461.  469.  465.  ... 485.  468.  466.5]
 ...
 [457.5 466.  463.  ... 491.  474.  478.5]
 [458.  468.  464.  ... 492.  475.  477.5]
 [460.  469.  463.  ... 492.  477.  479. ]]"
20,['CC520136'],"[[453.5 488.5 448.  ... 544.  545.  592.5]
 [453.  485.  439.5 ... 536.  540.  582.5]
 [456.  488.  442.  ... 532.  541.  575.5]
 ...
 [447.  484.5 433.  ... 530.  542.  588. ]
 [446.  483.  431.  ... 537.  549.  586. ]
 [442.5 480.5 431.  ... 534.  543.  582. ]]"
21,['CC520200'],"[[530.  547.  549.5 ... 586.  596.  606. ]
 [527.  545.5 549.5 ... 585.  593.  593.5]
 [527.  546.  550.  ... 593.  598.  586.5]
 ...
 [533.  553.  553.  ... 606.  620.  614.5]
 [531.  552.5 554.  ... 598.  616.  627.5]
 [533.  553.  555.  ... 604.  617.  629.5]]"
22,['CC520209'],"[[466.  453.  465.5 ... 520.  525.  611.5]
 [462.  448.  464.  ... 520.  529.  609. ]
 [462.  450.  462.  ... 517.  526.  614. ]
 ...
 [462.  448.  461.  ... 519.  522.  592. ]
 [463.  449.  460.  ... 517.  520.  605.5]
 [463.  451.  461.  ... 514.  515.  593. ]]"
23,['CC520239'],"[[587.5 574.5 588.  ... 621.  596.  581.5]
 [583.  567.  584.  ... 624.  596.  589. ]
 [583.  569.  588.  ... 618.  591.  586. ]
 ...
 [581.5 571.  583.  ... 621.  596.  576.5]
 [576.  565.  579.  ... 614.  599.  578. ]
 [581.  570.  585.  ... 620.  600.  576. ]]"
24,['CC520254'],"[[488.  499.5 518.  ... 510.  539.  558.5]
 [487.  497.5 514.5 ... 507.  540.  552. ]
 [487.  496.  513.  ... 511.  543.  552. ]
 ...
 [484.  497.  513.5 ... 513.  544.  559. ]
 [486.  498.  514.  ... 511.  542.  562. ]
 [485.  497.  514.  ... 512.  543.  554.5]]"
25,['CC520279'],"[[381.  386.  390.  ... 450.  447.  498.5]
 [379.  386.  391.  ... 442.  448.  489. ]
 [380.  387.  390.  ... 439.  442.  479. ]
 ...
 [378.  385.  392.  ... 435.  441.  459. ]
 [377.  385.  391.5 ... 429.  440.  469.5]
 [381.5 390.5 395.  ... 432.  440.  453.5]]"
26,['CC520390'],"[[491.  491.5 499.  ... 524.  535.  560.5]
 [487.5 487.  497.  ... 523.  533.  554. ]
 [488.5 488.  497.  ... 524.  534.  546.5]
 ...
 [489.  488.  500.  ... 525.  535.  548.5]
 [489.  487.  502.  ... 527.  536.  550.5]
 [489.5 491.  501.  ... 529.  539.  557. ]]"
27,['CC520477'],"[[453.5 470.  462.5 ... 523.  502.  552. ]
 [454.  469.  461.  ... 517.  500.  537. ]
 [453.  468.  462.  ... 521.  501.  537. ]
 ...
 [458.  467.  464.5 ... 524.  503.  538. ]
 [457.  467.  463.5 ... 523.  503.  541. ]
 [456.  466.  466.  ... 523.  500.  539. ]]"
28,['CC520503'],"[[520.  527.5 538.  ... 574.  541.  570.5]
 [519.  528.  537.  ... 574.  542.  570.5]
 [519.  527.5 535.  ... 571.  538.  560.5]
 ...
 [517.  526.5 536.  ... 577.  542.  561. ]
 [517.  527.  536.  ... 578.  546.  557. ]
 [518.  526.5 536.  ... 579.  545.  569.5]]"
29,['CC520517'],"[[548.  537.  553.  ... 562.  522.  537. ]
 [544.  530.  548.  ... 563.  523.  540. ]
 [546.  535.  548.5 ... 559.  516.  541.5]
 ...
 [545.  534.  551.5 ... 566.  523.  546. ]
 [545.  532.  549.  ... 562.  520.  552. ]
 [546.  533.  552.  ... 565.  527.  544.5]]"
30,['CC520560'],"[[418.  425.5 423.  ... 509.  504.  529.5]
 [415.5 425.  423.  ... 511.  503.  531.5]
 [416.  425.  422.5 ... 506.  499.  526.5]
 ...
 [412.  422.  421.  ... 502.  493.  523.5]
 [413.  423.5 422.  ... 501.  495.  531. ]
 [410.5 421.  420.  ... 501.  493.  517.5]]"
31,['CC520562'],"[[529.  555.5 522.  ... 551.  504.  521. ]
 [529.  553.  521.  ... 543.  501.  522.5]
 [529.  553.  520.  ... 543.  499.  523. ]
 ...
 [525.5 550.  519.  ... 542.  497.  516. ]
 [525.5 547.  520.  ... 546.  496.  521. ]
 [527.  552.  520.5 ... 544.  497.  519.5]]"
32,['CC520585'],"[[529.5 533.5 532.  ... 555.  565.  704.5]
 [528.5 530.  528.  ... 559.  569.  697.5]
 [530.5 533.  529.  ... 560.  569.  693. ]
 ...
 [530.  535.  528.5 ... 563.  575.  669. ]
 [527.5 531.  524.  ... 562.  573.  687. ]
 [525.5 531.  526.  ... 560.  570.  688.5]]"
33,['CC520673'],"[[477.  488.5 504.5 ... 544.  542.  650. ]
 [473.  486.  504.5 ... 542.  541.  644. ]
 [474.  488.  504.  ... 541.  545.  637.5]
 ...
 [474.  491.  504.  ... 544.  551.  636. ]
 [471.  489.  503.  ... 541.  538.  636. ]
 [470.  487.  501.  ... 542.  540.  636.5]]"
34,['CC520868'],"[[639.5 636.  639.  ... 575.  523.  546.5]
 [634.  632.  636.  ... 572.  519.  534. ]
 [638.  634.  638.  ... 571.  520.  535.5]
 ...
 [631.  631.5 634.  ... 579.  531.  543.5]
 [627.5 629.  633.  ... 582.  535.  545. ]
 [627.  627.5 632.  ... 575.  524.  533.5]]"
35,['CC520980'],"[[500.5 515.5 512.  ... 603.  574.  641.5]
 [499.  514.  510.  ... 598.  573.  644.5]
 [499.  514.  510.  ... 597.  569.  637. ]
 ...
 [501.  515.  511.  ... 596.  567.  640. ]
 [499.  517.  512.  ... 596.  569.  641.5]
 [497.  514.  509.  ... 594.  569.  639.5]]"
36,['CC610022'],"[[542.  553.  551.  ... 561.  521.  556.5]
 [540.  551.  550.  ... 563.  523.  563. ]
 [540.  551.  549.  ... 561.  522.  566. ]
 ...
 [543.  554.5 551.  ... 580.  526.  569.5]
 [543.  555.  553.  ... 574.  527.  568.5]
 [540.  553.5 552.  ... 572.  527.  567.5]]"
37,['CC610028'],"[[516.  555.  516.  ... 618.  580.  660.5]
 [512.  559.  515.  ... 615.  580.  639.5]
 [512.  549.5 511.  ... 610.  575.  658. ]
 ...
 [510.  548.  511.  ... 608.  568.  646. ]
 [510.  550.  513.  ... 610.  563.  626. ]
 [509.  548.  511.5 ... 613.  570.  632.5]]"
38,['CC610039'],"[[492.  521.  516.  ... 556.  544.  543.5]
 [488.  517.  514.  ... 556.  539.  535. ]
 [488.  518.  516.  ... 549.  533.  528.5]
 ...
 [490.  523.  518.  ... 571.  550.  531. ]
 [487.5 521.  518.  ... 570.  549.  534. ]
 [489.  521.  519.  ... 570.  549.  531.5]]"
39,['CC610040'],"[[626.  640.5 626.  ... 650.  600.  681.5]
 [623.  639.  620.5 ... 650.  598.  676. ]
 [621.  637.  620.5 ... 648.  596.  668.5]
 ...
 [624.  637.5 621.5 ... 649.  604.  679. ]
 [625.  637.5 624.  ... 648.  604.  680.5]
 [621.  633.  621.  ... 643.  601.  673.5]]"
40,['CC610046'],"[[511.5 552.5 530.5 ... 625.  615.  656.5]
 [507.  548.5 530.  ... 624.  610.  661.5]
 [508.5 548.5 530.5 ... 623.  612.  649.5]
 ...
 [503.  547.  529.  ... 619.  605.  651.5]
 [504.  549.  529.  ... 625.  607.  656.5]
 [504.5 549.5 530.5 ... 623.  604.  653.5]]"
41,['CC610051'],"[[428.  459.5 464.  ... 508.  485.  520.5]
 [425.  457.  462.  ... 506.  482.  517.5]
 [425.  457.  462.  ... 501.  477.  512. ]
 ...
 [426.5 459.  463.5 ... 503.  480.  528. ]
 [425.  459.  463.  ... 507.  486.  526. ]
 [425.  457.5 463.  ... 508.  483.  524. ]]"
42,['CC610052'],"[[464.  472.  466.  ... 580.  578.  693. ]
 [461.5 470.5 464.5 ... 579.  573.  682. ]
 [462.5 472.  466.  ... 583.  564.  674.5]
 ...
 [461.  467.  463.  ... 573.  560.  691.5]
 [461.  467.  462.  ... 574.  563.  688.5]
 [462.  468.  463.5 ... 573.  560.  684. ]]"
43,['CC610058'],"[[481.5 512.  503.  ... 565.  555.  596.5]
 [481.  509.  503.  ... 564.  554.  598.5]
 [481.  509.5 503.  ... 569.  555.  585.5]
 ...
 [476.  507.  496.  ... 569.  563.  604.5]
 [478.5 508.  496.5 ... 571.  556.  600.5]
 [479.  510.  497.  ... 567.  560.  602. ]]"
44,['CC610061'],"[[528.  543.  545.  ... 553.  550.  563.5]
 [525.  541.5 543.5 ... 550.  551.  562. ]
 [525.  541.  541.  ... 551.  551.  552.5]
 ...
 [523.  540.  539.  ... 557.  556.  571. ]
 [523.  538.  541.  ... 558.  552.  577. ]
 [523.  540.  542.5 ... 555.  556.  576. ]]"
45,['CC610071'],"[[375.  371.  385.  ... 399.  401.  483. ]
 [371.5 368.  383.5 ... 391.  401.  474. ]
 [371.  366.  383.  ... 388.  395.  468. ]
 ...
 [367.  365.  378.5 ... 394.  395.  467. ]
 [367.  366.  378.5 ... 397.  398.  471. ]
 [367.  365.  378.5 ... 399.  398.  468. ]]"
46,['CC610076'],"[[387.  410.  406.  ... 473.  465.  519. ]
 [382.  404.  400.  ... 473.  469.  518. ]
 [384.  405.  401.  ... 473.  469.  523. ]
 ...
 [386.  410.5 407.  ... 479.  472.  511. ]
 [384.  410.  407.  ... 480.  469.  514.5]
 [384.  410.  403.5 ... 480.  472.  516.5]]"
47,['CC610099'],"[[439.  479.  461.  ... 516.  546.  644.5]
 [437.  476.  455.5 ... 510.  536.  630.5]
 [436.  475.  456.  ... 505.  531.  626.5]
 ...
 [436.5 473.  452.5 ... 522.  535.  626. ]
 [437.  475.  457.  ... 519.  534.  632. ]
 [436.  472.  455.  ... 519.  534.  634.5]]"
48,['CC610101'],"[[515.  506.5 520.  ... 600.  637.  701. ]
 [517.  504.  519.5 ... 599.  632.  696. ]
 [514.  503.  518.  ... 596.  629.  689.5]
 ...
 [512.  501.  517.5 ... 596.  624.  691.5]
 [514.  503.  519.  ... 595.  623.  692.5]
 [512.  501.5 519.  ... 594.  626.  685.5]]"
49,['CC610146'],"[[728.  744.  692.5 ... 693.  663.  740.5]
 [727.  739.  688.5 ... 690.  663.  734. ]
 [726.  739.  690.  ... 691.  667.  732. ]
 ...
 [730.5 741.  690.  ... 689.  663.  725. ]
 [729.5 743.  693.  ... 691.  663.  728.5]
 [727.  741.  690.  ... 695.  667.  729.5]]"
50,['CC610178'],"[[550.  551.5 553.  ... 638.  615.  637. ]
 [546.5 548.  549.  ... 633.  615.  627. ]
 [552.  551.  551.  ... 635.  618.  625. ]
 ...
 [543.  541.5 551.5 ... 633.  617.  629.5]
 [542.  543.  550.5 ... 627.  611.  628. ]
 [543.5 542.  551.5 ... 628.  612.  620. ]]"
51,['CC610210'],"[[461.  485.  474.  ... 535.  516.  554. ]
 [459.  482.5 472.  ... 535.  514.  553. ]
 [458.  481.  472.  ... 533.  510.  554. ]
 ...
 [459.  484.  474.  ... 539.  510.  557. ]
 [460.  484.  474.  ... 532.  509.  546.5]
 [458.  484.5 475.  ... 538.  514.  545.5]]"
52,['CC610212'],"[[475.  486.  462.5 ... 538.  550.  567.5]
 [474.  485.  462.  ... 535.  546.  553.5]
 [472.  483.  463.  ... 534.  541.  565. ]
 ...
 [472.  480.  459.  ... 535.  542.  573. ]
 [471.  480.  458.  ... 536.  545.  559.5]
 [472.  481.  458.  ... 538.  546.  564.5]]"
53,['CC610227'],"[[473.  476.  494.  ... 491.  516.  584.5]
 [470.  473.  493.  ... 489.  511.  573.5]
 [471.  474.  493.5 ... 485.  509.  565.5]
 ...
 [471.  470.  494.  ... 485.  513.  580. ]
 [470.  470.  492.  ... 487.  514.  575. ]
 [471.  471.5 493.  ... 488.  513.  592. ]]"
54,['CC610285'],"[[378.  400.5 404.5 ... 482.  489.  575.5]
 [377.  400.  404.  ... 478.  487.  568. ]
 [375.  395.5 401.  ... 477.  480.  564.5]
 ...
 [377.  396.  402.  ... 469.  481.  571. ]
 [377.5 397.5 405.5 ... 475.  484.  573. ]
 [377.  395.5 403.5 ... 471.  483.  569.5]]"
55,['CC610288'],"[[439.  447.  439.  ... 536.  543.  615. ]
 [437.  444.5 436.  ... 536.  545.  602. ]
 [438.  444.  436.  ... 536.  544.  598.5]
 ...
 [444.  441.  444.  ... 541.  548.  603.5]
 [440.  439.  444.  ... 538.  546.  598. ]
 [441.  440.  443.  ... 539.  546.  591. ]]"
56,['CC610292'],"[[436.  474.  440.  ... 453.  471.  543.5]
 [436.  472.  440.  ... 454.  471.  547. ]
 [434.  468.  438.5 ... 457.  472.  538.5]
 ...
 [436.  470.  443.  ... 459.  469.  570.5]
 [435.  470.  441.  ... 463.  474.  563. ]
 [434.  466.  440.  ... 463.  469.  565.5]]"
57,['CC610308'],"[[537.5 555.  555.  ... 621.  613.  688.5]
 [538.  556.  555.  ... 621.  612.  693.5]
 [538.  557.  552.5 ... 623.  611.  676. ]
 ...
 [540.  555.5 560.  ... 625.  616.  678.5]
 [535.5 552.  559.  ... 628.  615.  671.5]
 [539.5 557.  559.5 ... 629.  619.  687. ]]"
58,['CC610344'],"[[407.  422.  421.  ... 413.  432.  559. ]
 [405.  419.  420.  ... 406.  423.  560.5]
 [407.5 421.  421.  ... 410.  429.  544.5]
 ...
 [406.  419.  422.  ... 416.  430.  541.5]
 [406.  417.  420.  ... 416.  429.  545.5]
 [405.  418.  421.  ... 416.  430.  548. ]]"
59,['CC610372'],"[[519.  543.5 532.  ... 570.  549.  591.5]
 [519.  539.  529.  ... 573.  546.  601.5]
 [519.  540.  529.  ... 571.  546.  581. ]
 ...
 [522.5 540.  535.  ... 582.  552.  600. ]
 [522.  539.  532.  ... 580.  556.  595.5]
 [526.  544.  538.  ... 575.  555.  585. ]]"
60,['CC610392'],"[[456.5 475.  486.5 ... 503.  520.  597.5]
 [455.  473.5 486.  ... 501.  519.  599.5]
 [455.  473.  484.  ... 497.  516.  583.5]
 ...
 [459.  476.  488.  ... 503.  523.  590. ]
 [458.  473.  490.  ... 508.  527.  594. ]
 [459.  476.  489.5 ... 507.  529.  591.5]]"
61,['CC610405'],"[[453.  470.  457.  ... 505.  516.  606.5]
 [450.  468.  453.  ... 503.  517.  600.5]
 [450.  467.  453.  ... 505.  516.  597. ]
 ...
 [442.5 469.  444.  ... 503.  509.  580.5]
 [444.  470.  445.  ... 500.  508.  570.5]
 [446.  473.  446.  ... 502.  511.  573.5]]"
62,['CC610469'],"[[407.  419.  414.5 ... 463.  479.  511. ]
 [406.  417.  410.  ... 457.  474.  505.5]
 [405.  419.  409.5 ... 455.  473.  497.5]
 ...
 [396.5 410.  401.5 ... 463.  466.  507. ]
 [397.5 412.  405.  ... 461.  465.  506. ]
 [397.  414.  404.  ... 462.  469.  503. ]]"
63,['CC610496'],"[[386.  383.  408.  ... 459.  471.  506.5]
 [383.  381.  403.  ... 456.  473.  493. ]
 [384.  380.  404.  ... 461.  474.  495.5]
 ...
 [380.  378.5 408.  ... 462.  470.  503.5]
 [378.  375.5 404.  ... 461.  472.  493. ]
 [376.  376.  407.  ... 465.  472.  505. ]]"
64,['CC610508'],"[[408.  402.  437.  ... 490.  500.  605.5]
 [408.  400.  436.  ... 486.  498.  587. ]
 [406.5 401.  438.  ... 490.  493.  588. ]
 ...
 [405.  394.5 433.  ... 491.  499.  581. ]
 [407.  396.  434.  ... 490.  496.  594. ]
 [402.  393.  434.  ... 492.  498.  578.5]]"
65,['CC610568'],"[[382.  414.  397.5 ... 475.  484.  533.5]
 [383.5 416.  399.  ... 469.  473.  520.5]
 [379.  409.  393.5 ... 466.  479.  523. ]
 ...
 [379.  410.  391.5 ... 479.  484.  554. ]
 [385.5 417.  397.5 ... 475.  480.  531.5]
 [382.  413.  393.  ... 484.  492.  540. ]]"
66,['CC610575'],"[[481.  501.  461.  ... 548.  568.  575. ]
 [476.5 496.  459.  ... 554.  565.  583. ]
 [476.  491.5 455.5 ... 547.  557.  571.5]
 ...
 [476.  493.  452.  ... 557.  567.  574.5]
 [473.  488.5 449.  ... 558.  564.  582. ]
 [475.  493.  451.  ... 559.  568.  578.5]]"
67,['CC610576'],"[[511.  535.  520.  ... 561.  548.  644.5]
 [507.  531.  520.  ... 560.  545.  635.5]
 [510.  531.5 517.  ... 560.  548.  636.5]
 ...
 [510.  532.5 520.  ... 560.  549.  642. ]
 [510.  531.  520.  ... 559.  548.  637.5]
 [510.  528.5 518.5 ... 557.  540.  652. ]]"
68,['CC610594'],"[[492.  506.  510.  ...  45.  112.  224.5]
 [492.  505.  511.  ...  42.  125.  215.5]
 [489.  502.  506.  ...  48.  118.  222.5]
 ...
 [487.  501.  502.5 ...  48.  131.  218. ]
 [488.5 503.  503.  ...  48.  138.  213. ]
 [488.  503.  503.5 ...  45.  130.  221. ]]"
69,['CC610614'],"[[500.  492.  510.5 ... 535.  532.  528. ]
 [497.5 491.  508.  ... 539.  544.  533.5]
 [498.  489.5 511.  ... 538.  533.  538. ]
 ...
 [492.  485.5 505.  ... 549.  542.  524.5]
 [493.  483.  504.  ... 550.  543.  517. ]
 [492.5 484.  505.  ... 547.  542.  515.5]]"
70,['CC610625'],"[[466.  471.  491.  ... 562.  548.  652.5]
 [467.  473.  490.  ... 556.  550.  639. ]
 [468.  473.  492.5 ... 556.  544.  633.5]
 ...
 [468.5 475.  490.  ... 566.  542.  626.5]
 [469.  474.  489.  ... 567.  548.  633.5]
 [471.  477.  492.  ... 568.  547.  637.5]]"
71,['CC610631'],"[[497.  539.  512.5 ... 490.  492.  542.5]
 [491.  531.  506.  ... 491.  495.  535. ]
 [494.  536.  513.  ... 489.  489.  532.5]
 ...
 [491.5 527.5 503.5 ... 499.  483.  523. ]
 [492.  527.  508.  ... 500.  476.  529. ]
 [495.  533.  507.5 ... 495.  480.  520.5]]"
72,['CC610653'],"[[510.  538.  536.  ... 625.  612.  657.5]
 [507.5 534.  536.5 ... 619.  608.  661. ]
 [506.  535.  531.  ... 617.  607.  647. ]
 ...
 [505.  531.  531.5 ... 620.  605.  643.5]
 [505.5 530.  531.5 ... 620.  603.  650. ]
 [508.  533.  532.  ... 619.  605.  646.5]]"
73,['CC610658'],"[[358.  402.  391.  ... 408.  389.  465. ]
 [357.  398.5 387.5 ... 404.  389.  451. ]
 [355.5 396.5 386.  ... 399.  384.  449. ]
 ...
 [358.  401.5 392.  ... 399.  382.  443.5]
 [359.  402.  391.  ... 398.  375.  431. ]
 [356.  400.  386.  ... 397.  376.  433.5]]"
74,['CC610671'],"[[476.  493.  511.  ... 538.  532.  586. ]
 [471.  492.  507.  ... 531.  528.  564.5]
 [475.5 492.  507.5 ... 531.  529.  565.5]
 ...
 [475.  493.  512.  ... 544.  541.  572.5]
 [476.5 496.  514.  ... 544.  541.  584. ]
 [478.  496.  512.5 ... 545.  539.  590. ]]"
75,['CC620005'],"[[438.  464.  458.  ... 544.  553.  592. ]
 [436.  461.  457.  ... 538.  550.  595.5]
 [438.  460.  455.  ... 539.  552.  584.5]
 ...
 [439.  466.5 459.  ... 543.  549.  600. ]
 [440.  464.5 458.5 ... 541.  549.  595.5]
 [440.  466.  461.  ... 543.  552.  587.5]]"
76,['CC620026'],"[[390.  438.  415.  ... 466.  481.  510.5]
 [390.  436.5 415.  ... 470.  483.  512. ]
 [388.  436.  413.  ... 468.  481.  514. ]
 ...
 [389.  437.  411.  ... 474.  482.  515.5]
 [392.  442.5 414.  ... 472.  480.  516.5]
 [390.  438.  410.  ... 475.  485.  519.5]]"
77,['CC620044'],"[[510.  519.5 523.5 ... 606.  588.  701. ]
 [507.  516.5 522.  ... 597.  586.  689. ]
 [506.  516.  520.5 ... 595.  584.  694. ]
 ...
 [510.  520.  524.  ... 586.  591.  674.5]
 [509.  525.  523.  ... 585.  593.  671.5]
 [508.5 520.  521.  ... 586.  595.  677. ]]"
78,['CC620073'],"[[510.  523.  533.  ... 570.  562.  620. ]
 [509.  521.  528.5 ... 571.  562.  605. ]
 [509.  520.5 529.  ... 568.  557.  604.5]
 ...
 [513.  524.  531.  ... 577.  560.  615. ]
 [513.5 523.  531.5 ... 575.  566.  618. ]
 [511.  523.  531.5 ... 573.  559.  615. ]]"
79,['CC620085'],"[[444.  470.5 467.  ... 445.  469.  566. ]
 [442.  466.  463.  ... 451.  479.  554.5]
 [442.  463.5 459.5 ... 455.  476.  564.5]
 ...
 [445.  469.  460.5 ... 454.  483.  564. ]
 [445.  467.  461.  ... 456.  483.  563.5]
 [442.5 467.  456.  ... 450.  478.  568. ]]"
80,['CC620090'],"[[419.  420.  411.  ... 449.  477.  539. ]
 [417.  416.  408.  ... 452.  478.  536. ]
 [418.  415.  407.5 ... 447.  472.  539. ]
 ...
 [423.  420.  410.5 ... 460.  489.  545.5]
 [417.  415.  403.  ... 459.  489.  540. ]
 [419.  416.  406.  ... 458.  482.  534. ]]"
81,['CC620106'],"[[440.5 457.5 463.5 ... 505.  517.  552.5]
 [438.  456.  462.  ... 496.  515.  547.5]
 [440.  457.5 463.  ... 493.  510.  541. ]
 ...
 [437.  456.  458.  ... 502.  510.  543.5]
 [434.  455.  458.  ... 502.  512.  535.5]
 [435.  456.  456.  ... 500.  508.  535.5]]"
82,['CC620114'],"[[422.  463.  426.5 ... 512.  476.  491. ]
 [418.  461.  425.  ... 508.  471.  485. ]
 [418.5 457.  424.  ... 503.  467.  483. ]
 ...
 [421.  462.5 426.  ... 514.  473.  483.5]
 [421.  464.  428.  ... 511.  470.  485.5]
 [420.  463.  428.  ... 510.  477.  485. ]]"
83,['CC620118'],"[[529.5 554.  538.  ... 591.  600.  655. ]
 [526.5 551.  536.  ... 586.  595.  651.5]
 [526.  548.5 534.  ... 589.  601.  658.5]
 ...
 [530.  549.  538.  ... 591.  594.  649.5]
 [530.  548.5 538.  ... 597.  603.  646. ]
 [530.  547.5 538.  ... 595.  599.  652. ]]"
84,['CC620121'],"[[504.  538.  479.  ... 610.  557.  578.5]
 [504.  532.5 475.  ... 608.  553.  567. ]
 [502.  533.  476.  ... 610.  553.  572. ]
 ...
 [504.  536.  490.  ... 617.  557.  565. ]
 [508.  537.  492.  ... 613.  555.  572. ]
 [505.5 538.5 492.5 ... 614.  559.  572. ]]"
85,['CC620129'],"[[454.  479.  448.  ... 555.  584.  623.5]
 [453.  477.  447.  ... 554.  580.  614.5]
 [452.  478.  447.5 ... 551.  576.  615.5]
 ...
 [454.  478.  445.  ... 548.  575.  604. ]
 [453.5 476.  446.5 ... 546.  572.  611. ]
 [454.5 477.  446.  ... 548.  572.  612. ]]"
86,['CC620152'],"[[415.  442.5 432.  ... 510.  491.  571. ]
 [415.5 441.5 430.5 ... 506.  496.  562. ]
 [410.5 435.5 427.5 ... 506.  493.  555.5]
 ...
 [412.  440.  430.  ... 508.  502.  549. ]
 [413.5 441.  432.  ... 509.  502.  538.5]
 [410.  438.5 429.  ... 513.  501.  539. ]]"
87,['CC620164'],"[[472.  503.  495.  ... 538.  551.  585. ]
 [467.  499.  490.  ... 537.  542.  568.5]
 [467.  498.  490.  ... 538.  543.  570.5]
 ...
 [462.  488.  493.  ... 550.  547.  590. ]
 [463.  490.  496.  ... 553.  553.  598. ]
 [464.  491.  491.5 ... 549.  554.  599.5]]"
88,['CC620193'],"[[434.  482.  459.  ... 552.  540.  621.5]
 [431.  478.  459.  ... 546.  537.  615. ]
 [430.  476.5 458.  ... 546.  533.  603. ]
 ...
 [433.  479.  456.5 ... 550.  537.  617. ]
 [432.  477.  456.  ... 549.  536.  612. ]
 [433.  479.  457.  ... 549.  537.  602.5]]"
89,['CC620259'],"[[429.5 409.  435.  ... 435.  448.  509. ]
 [430.  408.  433.  ... 442.  455.  499. ]
 [431.  409.5 433.  ... 444.  457.  500. ]
 ...
 [434.  412.  435.  ... 448.  462.  521.5]
 [432.5 410.  433.  ... 447.  461.  520. ]
 [435.  412.  436.  ... 450.  460.  525.5]]"
90,['CC620262'],"[[347.  369.  379.  ... 375.  379.  512.5]
 [350.  371.  382.  ... 385.  391.  511. ]
 [351.  371.  383.5 ... 387.  396.  498.5]
 ...
 [348.  366.  380.  ... 375.  383.  486.5]
 [349.  366.  382.  ... 378.  381.  490.5]
 [347.  365.  381.  ... 377.  386.  489. ]]"
91,['CC620264'],"[[494.  504.  528.  ... 554.  530.  545. ]
 [492.  501.  526.  ... 561.  529.  545.5]
 [494.  502.  526.  ... 562.  528.  541. ]
 ...
 [492.  502.  528.  ... 566.  539.  560.5]
 [491.  498.  527.  ... 562.  537.  557.5]
 [491.  498.  526.  ... 559.  534.  558.5]]"
92,['CC620279'],"[[369.  374.  393.  ... 413.  426.  450. ]
 [368.5 373.  392.  ... 412.  428.  439.5]
 [370.  373.  393.  ... 416.  432.  445.5]
 ...
 [367.  373.5 394.  ... 416.  431.  450.5]
 [369.  374.  392.  ... 412.  433.  447.5]
 [368.  374.5 393.5 ... 416.  435.  439.5]]"
93,['CC620284'],"[[586.  596.  577.  ... 586.  556.  571.5]
 [585.  594.  578.  ... 577.  544.  555.5]
 [578.  590.  570.  ... 573.  541.  559. ]
 ...
 [583.  593.5 571.  ... 590.  559.  581.5]
 [585.  595.5 573.  ... 584.  555.  577. ]
 [582.  593.5 573.  ... 587.  555.  581.5]]"
94,['CC620314'],"[[458.  427.  458.  ... 503.  533.  594.5]
 [457.  426.  457.  ... 501.  529.  590.5]
 [458.  428.  459.  ... 508.  528.  586. ]
 ...
 [452.  424.5 450.5 ... 499.  530.  590. ]
 [452.  426.  451.  ... 500.  532.  582. ]
 [453.5 425.5 451.5 ... 498.  531.  584. ]]"
95,['CC620354'],"[[417.5 435.5 458.  ... 499.  530.  592. ]
 [417.  435.  455.5 ... 499.  529.  591.5]
 [417.  434.  456.  ... 497.  527.  587. ]
 ...
 [417.  435.  454.  ... 502.  524.  599. ]
 [419.  438.5 457.  ... 501.  526.  590. ]
 [416.5 434.5 454.  ... 504.  527.  592. ]]"
96,['CC620359'],"[[505.  501.  517.  ... 557.  560.  607. ]
 [503.  498.  514.  ... 550.  559.  591. ]
 [502.  498.5 515.  ... 559.  554.  585.5]
 ...
 [509.  507.  521.  ... 568.  569.  605. ]
 [507.  504.  518.5 ... 569.  567.  613.5]
 [510.  506.  518.5 ... 566.  569.  606. ]]"
97,['CC620405'],"[[498.5 523.  498.  ... 449.  476.  638.5]
 [494.5 519.5 497.  ... 447.  475.  627.5]
 [496.5 520.  498.  ... 448.  477.  629. ]
 ...
 [496.5 520.  497.5 ... 459.  487.  630. ]
 [495.  519.  497.  ... 460.  488.  637. ]
 [497.  519.  498.  ... 460.  488.  638. ]]"
98,['CC620406'],"[[393.  405.  395.  ... 503.  498.  576.5]
 [393.  406.  394.  ... 500.  497.  574.5]
 [389.  403.  392.  ... 498.  497.  569.5]
 ...
 [389.5 402.  392.  ... 495.  491.  563.5]
 [390.5 401.  391.  ... 498.  490.  564. ]
 [390.  403.5 392.  ... 494.  490.  564. ]]"
99,['CC620413'],"[[487.  520.  521.5 ... 513.  493.  563. ]
 [481.  516.  516.  ... 520.  489.  556.5]
 [484.  511.5 517.  ... 512.  484.  553. ]
 ...
 [476.5 508.  509.  ... 512.  479.  557. ]
 [476.  509.  509.  ... 512.  480.  553.5]
 [478.  512.  508.  ... 515.  482.  557. ]]"
100,['CC620429'],"[[419.5 418.  420.  ... 504.  496.  570.5]
 [418.  416.  418.  ... 503.  499.  574. ]
 [415.  414.  415.5 ... 496.  490.  568.5]
 ...
 [412.5 410.  416.  ... 494.  493.  565.5]
 [411.  410.  413.  ... 488.  475.  562. ]
 [412.  411.  414.5 ... 491.  486.  560. ]]"
101,['CC620436'],"[[490.  517.  515.  ... 577.  575.  632. ]
 [489.5 515.5 513.  ... 576.  577.  620.5]
 [487.5 514.  511.  ... 582.  570.  608. ]
 ...
 [487.  510.  512.  ... 581.  569.  620.5]
 [486.  509.5 512.  ... 577.  560.  617. ]
 [489.  512.  513.  ... 580.  566.  612.5]]"
102,['CC620444'],"[[460.5 488.  499.5 ... 531.  499.  501. ]
 [459.  487.  492.  ... 537.  489.  507.5]
 [457.  484.5 494.  ... 523.  486.  493. ]
 ...
 [460.5 487.5 494.5 ... 539.  491.  497. ]
 [460.  487.  497.  ... 542.  492.  497. ]
 [460.  488.5 496.  ... 533.  497.  497. ]]"
103,['CC620451'],"[[348.  371.  377.  ... 455.  462.  481. ]
 [344.5 368.  373.  ... 454.  449.  488. ]
 [347.  368.  375.  ... 445.  444.  473. ]
 ...
 [350.5 371.  375.  ... 453.  452.  471.5]
 [345.  370.  367.  ... 457.  459.  469. ]
 [347.5 373.5 369.  ... 446.  449.  472. ]]"
104,['CC620454'],"[[429.  441.5 441.  ... 475.  479.  552. ]
 [429.  442.  439.  ... 476.  477.  536.5]
 [429.  441.  437.5 ... 479.  480.  539.5]
 ...
 [427.  439.  438.  ... 487.  484.  541.5]
 [427.  439.  439.  ... 488.  486.  544.5]
 [428.  442.  436.  ... 486.  485.  536.5]]"
105,['CC620466'],"[[480.  490.5 501.5 ... 554.  544.  623.5]
 [481.5 492.  504.5 ... 560.  539.  613.5]
 [480.  491.  498.  ... 555.  538.  617. ]
 ...
 [479.  491.  500.  ... 550.  533.  607.5]
 [479.5 492.  499.  ... 553.  537.  615. ]
 [479.  490.  499.  ... 552.  537.  621. ]]"
106,['CC620479'],"[[560.5 563.5 569.  ... 647.  629.  655.5]
 [561.  561.5 567.  ... 640.  626.  651. ]
 [558.  561.  568.  ... 647.  626.  648.5]
 ...
 [559.5 562.  567.  ... 640.  623.  644.5]
 [558.  558.  566.  ... 641.  622.  647.5]
 [561.  563.  567.  ... 642.  622.  645.5]]"
107,['CC620490'],"[[485.5 510.  503.  ... 534.  537.  595.5]
 [484.  509.  502.  ... 533.  536.  595. ]
 [486.  509.5 502.  ... 528.  536.  583. ]
 ...
 [485.  509.  505.  ... 526.  531.  585. ]
 [485.5 507.5 506.  ... 528.  533.  572.5]
 [484.  507.  506.  ... 524.  531.  584.5]]"
108,['CC620496'],"[[535.  535.  521.5 ... 592.  614.  653.5]
 [535.  532.  520.5 ... 591.  618.  659.5]
 [535.  532.  520.  ... 599.  622.  656. ]
 ...
 [537.5 524.  528.  ... 593.  626.  648.5]
 [537.  524.  529.  ... 593.  625.  644. ]
 [537.  523.  528.5 ... 589.  619.  646. ]]"
109,['CC620499'],"[[431.  451.  459.5 ... 516.  526.  620. ]
 [430.  450.  456.  ... 519.  529.  612. ]
 [430.  450.  455.  ... 520.  529.  610.5]
 ...
 [436.  455.5 463.  ... 527.  535.  614.5]
 [434.5 452.5 461.  ... 525.  535.  613. ]
 [435.  453.  461.5 ... 526.  535.  608.5]]"
110,['CC620515'],"[[490.5 496.  499.  ... 561.  564.  597.5]
 [485.  492.  496.  ... 556.  561.  588. ]
 [486.5 492.  494.  ... 552.  557.  584.5]
 ...
 [476.  493.  487.5 ... 554.  554.  573.5]
 [474.  491.  486.  ... 550.  553.  572. ]
 [474.  492.  487.  ... 551.  553.  574. ]]"
111,['CC620518'],"[[474.  494.5 487.  ... 528.  506.  561.5]
 [476.  495.  489.  ... 531.  506.  545. ]
 [472.  494.5 486.  ... 530.  511.  558.5]
 ...
 [473.5 495.  486.  ... 533.  510.  545. ]
 [470.  491.  481.5 ... 528.  507.  547.5]
 [470.5 492.  482.  ... 530.  508.  551. ]]"
112,['CC620526'],"[[473.  459.  475.5 ... 505.  507.  554.5]
 [473.  456.  473.  ... 509.  510.  549.5]
 [471.  454.  474.  ... 503.  500.  545. ]
 ...
 [469.  457.  472.  ... 506.  510.  539.5]
 [469.  456.  472.5 ... 509.  513.  542. ]
 [469.5 457.  472.  ... 508.  514.  545. ]]"
113,['CC620549'],"[[633.5 654.  616.  ... 611.  590.  644.5]
 [631.  650.  617.  ... 607.  590.  632.5]
 [625.  645.  608.5 ... 601.  582.  633. ]
 ...
 [622.  650.  612.5 ... 600.  577.  636.5]
 [623.  650.  612.  ... 593.  575.  620.5]
 [622.  648.  612.5 ... 598.  578.  623.5]]"
114,['CC620557'],"[[605.  609.  593.  ... 538.  515.  551.5]
 [602.  607.  593.  ... 537.  509.  541.5]
 [604.  608.  594.5 ... 538.  513.  540. ]
 ...
 [607.  609.  594.  ... 546.  525.  545. ]
 [606.  612.  594.  ... 548.  523.  549.5]
 [605.5 610.  594.  ... 536.  518.  552. ]]"
115,['CC620560'],"[[362.  384.  360.  ... 417.  427.  468.5]
 [360.  383.  359.  ... 412.  425.  457. ]
 [359.5 383.  358.  ... 412.  419.  455. ]
 ...
 [361.  384.5 361.  ... 417.  432.  469. ]
 [362.  385.  363.  ... 413.  431.  467. ]
 [361.  383.5 362.  ... 415.  431.  461. ]]"
116,['CC620567'],"[[576.  571.  542.  ... 595.  563.  617. ]
 [567.  564.5 537.  ... 591.  559.  627. ]
 [569.  569.  538.  ... 586.  557.  606. ]
 ...
 [572.  566.  536.  ... 593.  557.  584. ]
 [568.  563.  534.  ... 594.  555.  585.5]
 [569.5 564.5 535.  ... 590.  551.  579.5]]"
117,['CC620572'],"[[462.5 473.  481.5 ... 470.  479.  492. ]
 [461.  469.  475.  ... 469.  475.  490.5]
 [460.  464.  474.  ... 460.  468.  478.5]
 ...
 [463.  470.  476.  ... 475.  486.  475.5]
 [461.  470.  479.  ... 478.  482.  491. ]
 [465.  473.  478.  ... 478.  485.  491.5]]"
118,['CC620592'],"[[470.  457.5 433.  ... 508.  512.  618.5]
 [470.  455.5 432.  ... 510.  508.  614. ]
 [471.5 457.5 432.  ... 510.  510.  601. ]
 ...
 [465.5 456.  431.  ... 506.  507.  602.5]
 [464.  456.  431.  ... 508.  520.  605. ]
 [461.  453.  430.  ... 508.  513.  598.5]]"
119,['CC620610'],"[[624.  620.5 608.  ... 658.  598.  626.5]
 [622.  620.  605.  ... 659.  595.  619.5]
 [620.5 618.  603.  ... 663.  593.  616.5]
 ...
 [626.  613.  610.  ... 665.  605.  601.5]
 [625.5 615.  611.  ... 668.  605.  607.5]
 [626.  611.5 608.5 ... 666.  604.  607.5]]"
120,['CC620619'],"[[574.  585.  581.  ... 575.  564.  691.5]
 [572.  582.  575.5 ... 570.  560.  671.5]
 [572.  583.  575.5 ... 569.  559.  666. ]
 ...
 [570.5 582.  575.  ... 577.  566.  667. ]
 [569.  583.  573.5 ... 575.  567.  668.5]
 [569.  583.5 575.  ... 571.  568.  669.5]]"
121,['CC620659'],"[[532.  553.  550.  ... 590.  572.  633. ]
 [530.  553.  549.5 ... 584.  573.  629.5]
 [532.  548.  548.  ... 580.  575.  621.5]
 ...
 [530.  547.  548.  ... 582.  560.  619. ]
 [529.  547.  549.  ... 578.  560.  624.5]
 [531.  547.  549.  ... 583.  565.  638.5]]"
122,['CC620685'],"[[413.5 419.  427.  ... 492.  491.  547. ]
 [411.  416.  422.  ... 491.  492.  541. ]
 [411.  416.5 424.  ... 482.  484.  532.5]
 ...
 [412.5 414.5 424.  ... 487.  485.  523. ]
 [410.  414.  424.  ... 487.  488.  530. ]
 [410.5 414.  424.  ... 487.  485.  533. ]]"
123,['CC620720'],"[[550.  554.  540.  ... 567.  565.  601. ]
 [547.  550.  536.  ... 579.  565.  590.5]
 [549.  551.  536.  ... 577.  566.  590.5]
 ...
 [545.  551.  529.  ... 568.  562.  591.5]
 [543.  548.  528.  ... 570.  559.  587.5]
 [542.5 548.  527.  ... 573.  561.  589.5]]"
124,['CC620785'],"[[453.  473.  470.  ... 545.  556.  636. ]
 [453.  473.  470.5 ... 550.  560.  631.5]
 [452.  473.  470.  ... 544.  553.  627. ]
 ...
 [448.  470.  467.  ... 545.  550.  635. ]
 [448.  471.  471.  ... 542.  549.  628. ]
 [445.  468.  467.5 ... 540.  548.  641.5]]"
125,['CC620793'],"[[426.  439.  432.  ... 473.  473.  536.5]
 [425.  438.  428.5 ... 469.  471.  527.5]
 [425.  439.  429.  ... 466.  471.  529.5]
 ...
 [422.5 440.  428.  ... 470.  470.  535. ]
 [424.  442.  427.  ... 470.  473.  527. ]
 [423.5 441.  427.  ... 468.  471.  530. ]]"
126,['CC620821'],"[[676.  658.  647.  ... 612.  583.  624.5]
 [676.  658.  647.  ... 599.  574.  618. ]
 [675.  660.  648.  ... 606.  572.  605. ]
 ...
 [680.  661.  650.  ... 605.  589.  616. ]
 [678.  660.  649.  ... 607.  593.  612.5]
 [679.5 661.  650.  ... 607.  592.  612.5]]"
127,['CC620885'],"[[424.5 456.  443.  ... 532.  529.  556.5]
 [419.  452.  442.  ... 523.  526.  549. ]
 [420.  450.  440.5 ... 525.  526.  548. ]
 ...
 [420.5 451.  442.  ... 533.  528.  547.5]
 [417.  451.  439.  ... 529.  525.  554.5]
 [420.  450.  441.  ... 529.  521.  547.5]]"
128,['CC620919'],"[[682.5 670.  630.  ... 673.  641.  757. ]
 [683.  668.  626.  ... 670.  639.  742.5]
 [681.  664.  624.5 ... 676.  646.  750. ]
 ...
 [681.  661.  621.  ... 676.  648.  738.5]
 [683.  664.5 624.5 ... 670.  644.  727. ]
 [684.5 664.  626.5 ... 677.  649.  746.5]]"
129,['CC620935'],"[[404.  445.  413.  ... 453.  440.  495.5]
 [402.  442.  412.5 ... 453.  436.  487.5]
 [403.5 443.  412.5 ... 455.  435.  482.5]
 ...
 [405.  445.  411.5 ... 457.  446.  495. ]
 [404.  444.  412.  ... 455.  445.  501. ]
 [402.5 443.  412.  ... 456.  444.  496.5]]"
130,['CC621011'],"[[507.  498.  527.  ... 573.  530.  579. ]
 [503.5 493.  522.  ... 568.  525.  575.5]
 [503.  492.  523.  ... 565.  526.  583. ]
 ...
 [502.  495.  526.  ... 565.  530.  588.5]
 [503.5 496.  527.5 ... 565.  529.  580. ]
 [502.  493.5 524.  ... 563.  530.  581. ]]"
131,['CC621080'],"[[383.  396.  400.  ... 465.  478.  522. ]
 [384.  396.  400.  ... 467.  475.  521.5]
 [383.  396.  400.  ... 465.  476.  529. ]
 ...
 [381.  394.  397.  ... 458.  470.  519.5]
 [380.  394.  396.  ... 460.  470.  514. ]
 [379.  394.  396.  ... 460.  471.  518. ]]"
132,['CC621118'],"[[507.  533.  550.  ... 539.  500.  577.5]
 [503.5 529.  545.5 ... 534.  500.  564. ]
 [503.  527.  546.5 ... 523.  488.  563. ]
 ...
 [511.  540.5 550.  ... 546.  506.  566.5]
 [512.  540.5 551.  ... 548.  503.  566.5]
 [509.  539.  550.  ... 549.  504.  565.5]]"
133,['CC621128'],"[[448.  488.  471.  ... 506.  485.  510. ]
 [447.  486.  467.  ... 496.  475.  513.5]
 [447.  486.5 467.  ... 499.  475.  506.5]
 ...
 [446.  486.  467.5 ... 499.  475.  506. ]
 [448.  487.  470.  ... 498.  481.  508.5]
 [448.  490.  468.  ... 498.  473.  510. ]]"
134,['CC621184'],"[[446.  435.  443.5 ... 499.  492.  531.5]
 [446.  435.5 444.  ... 500.  493.  527.5]
 [446.  433.  445.  ... 498.  489.  524.5]
 ...
 [446.  432.5 443.  ... 503.  490.  522.5]
 [444.  430.  442.  ... 501.  498.  531. ]
 [447.5 433.  445.  ... 500.  491.  526.5]]"
135,['CC621199'],"[[469.  466.  476.  ... 591.  583.  637. ]
 [466.  462.  472.5 ... 593.  586.  644. ]
 [467.  462.5 474.  ... 589.  584.  644. ]
 ...
 [470.  466.5 474.  ... 590.  582.  644. ]
 [468.5 464.5 473.  ... 588.  585.  636.5]
 [471.  466.  474.5 ... 585.  584.  638. ]]"
136,['CC621248'],"[[494.  504.  502.5 ... 523.  545.  575.5]
 [493.  502.5 501.  ... 521.  547.  571. ]
 [493.  506.  501.5 ... 524.  548.  574. ]
 ...
 [493.  505.  500.  ... 521.  535.  555. ]
 [497.  507.5 504.  ... 528.  538.  555.5]
 [493.  504.  500.  ... 527.  538.  563.5]]"
137,['CC621284'],"[[352.  385.  378.  ... 443.  443.  527. ]
 [351.  384.  379.  ... 442.  443.  516. ]
 [348.  382.  373.  ... 441.  445.  501. ]
 ...
 [345.  378.  371.  ... 436.  447.  498.5]
 [344.  376.  370.5 ... 438.  445.  494.5]
 [349.  378.  372.  ... 442.  447.  497.5]]"
138,['CC621642'],"[[498.  500.  515.  ... 541.  512.  534.5]
 [495.  499.  515.  ... 541.  517.  525. ]
 [494.  497.  512.  ... 539.  515.  518.5]
 ...
 [500.  503.  519.  ... 548.  524.  542. ]
 [498.  501.  521.  ... 553.  527.  538. ]
 [496.  500.  516.  ... 548.  525.  535. ]]"
139,['CC710037'],"[[566.5 564.  544.  ... 554.  567.  579.5]
 [561.5 560.5 540.  ... 556.  579.  577. ]
 [563.  560.5 542.  ... 549.  566.  569.5]
 ...
 [562.5 568.  543.  ... 559.  580.  598. ]
 [560.5 566.  540.  ... 560.  577.  592. ]
 [561.  567.  541.  ... 556.  570.  592.5]]"
140,['CC710088'],"[[522.  530.  548.  ... 536.  545.  584.5]
 [519.  527.  545.5 ... 535.  546.  580. ]
 [516.  524.5 548.  ... 539.  542.  579. ]
 ...
 [518.  530.  549.  ... 561.  573.  594.5]
 [519.  529.5 544.5 ... 556.  565.  611.5]
 [519.  530.5 546.  ... 558.  569.  598.5]]"
141,['CC710099'],"[[720.  715.5 667.  ... 619.  604.  692. ]
 [713.  707.  663.  ... 622.  601.  686. ]
 [713.  706.  661.  ... 628.  593.  682.5]
 ...
 [715.  711.  662.  ... 622.  599.  696. ]
 [713.  709.  659.  ... 625.  604.  697.5]
 [715.5 709.  662.  ... 622.  598.  696.5]]"
142,['CC710131'],"[[569.  562.  560.  ... 570.  518.  587. ]
 [568.  557.5 556.  ... 574.  524.  588. ]
 [566.  559.  555.  ... 576.  523.  575.5]
 ...
 [562.  552.  553.  ... 578.  534.  575.5]
 [562.  553.  551.  ... 568.  520.  577. ]
 [565.  559.  555.5 ... 581.  532.  582. ]]"
143,['CC710154'],"[[432.  460.5 458.  ... 525.  529.  591. ]
 [429.  458.  453.5 ... 534.  523.  580.5]
 [427.  457.  451.  ... 527.  519.  577. ]
 ...
 [431.  458.  456.  ... 535.  525.  581.5]
 [429.  457.  456.5 ... 532.  527.  569. ]
 [430.  458.  455.  ... 532.  527.  569. ]]"
144,['CC710176'],"[[439.  449.5 431.  ... 501.  499.  589.5]
 [437.  448.5 433.  ... 501.  501.  562. ]
 [436.  447.5 431.5 ... 511.  501.  569.5]
 ...
 [432.  447.5 429.  ... 491.  487.  562. ]
 [434.  447.5 427.  ... 491.  489.  570.5]
 [432.5 448.  427.  ... 493.  490.  570.5]]"
145,['CC710313'],"[[559.  598.  565.  ... 594.  610.  649.5]
 [557.5 595.  562.  ... 589.  607.  642. ]
 [558.  597.  558.  ... 590.  607.  638. ]
 ...
 [563.  600.  562.  ... 599.  620.  641. ]
 [563.  600.  560.5 ... 601.  622.  642.5]
 [563.  599.  563.  ... 598.  622.  644. ]]"
146,['CC710342'],"[[528.  544.  590.  ... 570.  566.  570.5]
 [526.  541.  586.  ... 573.  569.  566. ]
 [527.  542.  586.5 ... 566.  560.  563.5]
 ...
 [530.  545.  585.  ... 578.  568.  574.5]
 [527.  542.  584.5 ... 580.  571.  578.5]
 [528.  542.5 584.  ... 576.  569.  574.5]]"
147,['CC710350'],"[[497.5 520.5 523.  ... 555.  538.  631. ]
 [497.  517.  520.  ... 561.  542.  625.5]
 [495.  515.5 519.  ... 554.  541.  610. ]
 ...
 [488.  510.  517.  ... 559.  551.  621.5]
 [491.  511.  519.5 ... 555.  542.  634. ]
 [489.  512.  517.  ... 556.  550.  626.5]]"
148,['CC710382'],"[[574.  578.  592.  ... 621.  591.  652. ]
 [570.  574.  590.  ... 614.  582.  637. ]
 [574.  576.  592.  ... 621.  587.  642. ]
 ...
 [575.  578.  593.  ... 627.  596.  648.5]
 [576.  578.  594.  ... 626.  595.  654. ]
 [577.  578.  594.5 ... 630.  602.  652. ]]"
149,['CC710416'],"[[561.  579.5 567.  ... 627.  628.  620.5]
 [550.  567.5 560.  ... 619.  618.  613. ]
 [558.  573.5 564.  ... 617.  630.  608.5]
 ...
 [547.  573.  554.  ... 628.  626.  624.5]
 [548.  578.  562.  ... 617.  617.  621.5]
 [544.  570.  552.  ... 620.  627.  620. ]]"
150,['CC710429'],"[[440.  459.  453.  ... 525.  534.  618. ]
 [441.  457.  450.5 ... 531.  539.  623. ]
 [438.  455.  447.5 ... 527.  535.  609. ]
 ...
 [440.  458.  450.  ... 529.  538.  617.5]
 [442.  459.  450.  ... 529.  533.  617.5]
 [441.  458.  449.  ... 533.  538.  619. ]]"
151,['CC710446'],"[[450.  469.  487.  ... 554.  550.  647.5]
 [452.  469.  487.  ... 558.  557.  635. ]
 [453.  469.  487.  ... 559.  558.  636. ]
 ...
 [448.  468.5 476.  ... 566.  568.  647. ]
 [448.  470.  476.  ... 558.  560.  633.5]
 [450.  472.  479.  ... 560.  562.  634.5]]"
152,['CC710462'],"[[653.  667.  660.5 ... 508.  565.  619. ]
 [651.  662.  661.5 ... 510.  562.  615. ]
 [648.  657.  657.  ... 514.  563.  606.5]
 ...
 [652.  663.  668.5 ... 509.  557.  616. ]
 [648.  658.5 666.  ... 513.  563.  617. ]
 [651.5 662.  670.5 ... 516.  560.  620.5]]"
153,['CC710486'],"[[517.  508.5 490.  ... 563.  567.  608.5]
 [513.  499.5 482.  ... 563.  575.  593. ]
 [512.5 498.5 480.  ... 556.  564.  589. ]
 ...
 [518.  496.5 500.5 ... 572.  575.  616.5]
 [519.5 499.  500.  ... 583.  581.  618.5]
 [518.  498.  498.5 ... 578.  583.  627. ]]"
154,['CC710494'],"[[494.  532.  512.  ... 573.  516.  526. ]
 [491.5 533.  507.  ... 577.  506.  515. ]
 [487.  530.  504.  ... 575.  498.  510. ]
 ...
 [492.  528.  509.5 ... 583.  519.  518.5]
 [494.5 533.  513.  ... 583.  526.  526. ]
 [496.  535.5 510.5 ... 580.  517.  527. ]]"
155,['CC710548'],"[[394.  421.5 411.  ... 506.  512.  579. ]
 [390.  414.5 406.  ... 502.  507.  570.5]
 [390.  413.  406.  ... 499.  499.  568.5]
 ...
 [394.  415.  408.  ... 504.  506.  568. ]
 [392.  412.  408.  ... 504.  510.  572. ]
 [390.5 412.  407.  ... 501.  506.  574.5]]"
156,['CC710551'],"[[508.  518.  517.5 ... 541.  534.  593.5]
 [506.  515.5 511.  ... 543.  531.  580.5]
 [507.  516.  513.  ... 539.  530.  581.5]
 ...
 [505.  517.  516.  ... 540.  526.  582. ]
 [500.  514.  514.  ... 536.  528.  583.5]
 [501.  513.  513.  ... 536.  528.  584.5]]"
157,['CC710566'],"[[646.  656.5 653.  ... 633.  597.  655. ]
 [643.5 651.5 651.  ... 631.  588.  648. ]
 [644.  649.5 649.5 ... 632.  593.  637.5]
 ...
 [641.5 652.  649.5 ... 638.  588.  628. ]
 [641.  652.  653.  ... 637.  588.  633.5]
 [639.5 654.  650.5 ... 639.  587.  636.5]]"
158,['CC710591'],"[[569.5 583.5 596.5 ... 386.  396.  453. ]
 [570.  584.  593.5 ... 376.  396.  459. ]
 [565.  579.  589.5 ... 383.  395.  466.5]
 ...
 [574.  572.  597.5 ... 388.  388.  479.5]
 [571.  571.  595.  ... 389.  387.  474. ]
 [572.  572.  597.5 ... 384.  387.  473. ]]"
159,['CC710664'],"[[424.  442.  429.  ... 467.  476.  549.5]
 [422.  441.  424.  ... 462.  469.  555. ]
 [422.5 439.  426.  ... 464.  471.  560.5]
 ...
 [421.5 445.  423.  ... 461.  472.  543.5]
 [419.5 444.  422.  ... 461.  472.  550. ]
 [423.  446.  421.  ... 459.  471.  542. ]]"
160,['CC710679'],"[[462.5 463.  467.  ... 538.  524.  604.5]
 [460.  464.5 462.  ... 521.  510.  602. ]
 [461.  459.5 461.  ... 520.  511.  589.5]
 ...
 [457.  462.5 459.5 ... 517.  508.  590.5]
 [456.  460.5 457.5 ... 520.  507.  599.5]
 [457.  462.  460.  ... 518.  506.  598.5]]"
161,['CC710858'],"[[551.  556.5 595.5 ... 644.  625.  670. ]
 [549.5 553.5 593.  ... 643.  622.  660. ]
 [550.  555.  593.  ... 637.  620.  662.5]
 ...
 [546.5 556.5 580.5 ... 643.  626.  642.5]
 [547.  557.  581.  ... 652.  626.  641.5]
 [545.  553.  582.  ... 642.  628.  644.5]]"
162,['CC710982'],"[[460.  487.  499.  ... 552.  526.  548. ]
 [460.  485.  494.5 ... 546.  521.  543. ]
 [462.  484.  497.  ... 539.  518.  539. ]
 ...
 [461.  483.  496.5 ... 550.  522.  547. ]
 [460.  481.5 497.  ... 549.  521.  545.5]
 [460.  481.5 498.  ... 552.  520.  540.5]]"
163,['CC711027'],"[[404.5 417.  420.  ... 477.  482.  491. ]
 [405.  414.  420.  ... 477.  476.  476.5]
 [400.  414.  416.  ... 479.  473.  481.5]
 ...
 [401.  415.  415.  ... 470.  475.  474.5]
 [398.  415.  414.  ... 477.  472.  483.5]
 [397.  412.  412.  ... 473.  473.  477.5]]"
164,['CC711035'],"[[539.  558.  555.  ... 620.  604.  652.5]
 [537.  553.5 554.  ... 614.  598.  645. ]
 [534.  551.5 549.  ... 605.  594.  637.5]
 ...
 [536.  555.  550.  ... 609.  600.  645. ]
 [534.  550.  548.5 ... 610.  597.  648.5]
 [536.  554.  550.  ... 607.  596.  647. ]]"
165,['CC711128'],"[[401.  408.  420.  ... 478.  479.  537. ]
 [399.  407.  419.  ... 475.  474.  521. ]
 [401.5 410.  420.  ... 480.  479.  526. ]
 ...
 [393.5 400.  413.  ... 476.  473.  521.5]
 [394.  401.  414.  ... 478.  472.  513. ]
 [396.  402.  414.  ... 478.  474.  521.5]]"
166,['CC711158'],"[[570.  601.5 606.5 ... 554.  555.  633. ]
 [566.  594.  603.5 ... 550.  544.  619. ]
 [565.5 593.5 604.5 ... 547.  540.  616. ]
 ...
 [564.5 600.5 612.5 ... 547.  546.  623. ]
 [565.  597.  609.  ... 546.  547.  614. ]
 [564.  603.  611.5 ... 547.  540.  617. ]]"
167,['CC711244'],"[[372.  368.  386.  ... 468.  503.  545.5]
 [371.  367.  387.  ... 464.  496.  546.5]
 [371.  367.  385.  ... 460.  491.  529.5]
 ...
 [373.  372.  387.  ... 461.  488.  535.5]
 [372.  373.  387.5 ... 464.  493.  527.5]
 [370.  372.  386.  ... 460.  489.  533. ]]"
168,['CC711245'],"[[470.  507.5 450.5 ... 552.  533.  530.5]
 [469.  501.5 447.  ... 544.  525.  523. ]
 [469.5 502.5 447.  ... 543.  527.  523. ]
 ...
 [471.  501.5 447.  ... 549.  541.  547.5]
 [473.  500.5 446.5 ... 548.  541.  549.5]
 [471.  500.  446.  ... 549.  541.  548.5]]"
169,['CC712027'],"[[574.5 564.5 555.  ... 620.  587.  655. ]
 [572.  565.  553.5 ... 621.  590.  658.5]
 [571.  564.  554.  ... 617.  588.  657. ]
 ...
 [565.  559.  544.  ... 621.  593.  652. ]
 [566.  558.  547.  ... 621.  590.  654.5]
 [565.  559.  551.  ... 622.  591.  656. ]]"
170,['CC720023'],"[[465.  472.5 489.  ... 572.  569.  602. ]
 [462.  470.5 487.  ... 568.  561.  598. ]
 [463.  475.  488.  ... 566.  558.  607. ]
 ...
 [456.  467.  483.  ... 564.  564.  604. ]
 [459.5 469.  485.5 ... 567.  561.  601.5]
 [456.  467.  486.  ... 561.  553.  605.5]]"
171,['CC720071'],"[[597.  610.5 586.  ... 645.  599.  647. ]
 [594.  610.  583.  ... 647.  602.  657.5]
 [593.  608.  582.  ... 645.  601.  648. ]
 ...
 [596.5 610.  592.  ... 642.  600.  654.5]
 [596.5 612.  592.  ... 645.  608.  653.5]
 [597.  610.5 593.  ... 641.  600.  649. ]]"
172,['CC720103'],"[[432.  460.  427.  ... 513.  499.  569. ]
 [430.  456.  429.  ... 507.  492.  558. ]
 [430.  454.  428.  ... 506.  490.  553.5]
 ...
 [426.5 452.  427.  ... 520.  499.  554. ]
 [427.  452.  428.  ... 517.  499.  546.5]
 [426.  448.5 427.  ... 521.  502.  542. ]]"
173,['CC720119'],"[[550.  581.5 558.  ... 633.  591.  657.5]
 [551.  579.5 559.  ... 633.  590.  650.5]
 [551.5 582.  559.  ... 634.  599.  636. ]
 ...
 [550.5 583.  554.  ... 625.  589.  617. ]
 [552.  584.  552.  ... 631.  586.  620.5]
 [548.  582.5 551.  ... 629.  587.  624. ]]"
174,['CC720180'],"[[479.  500.  503.5 ... 549.  552.  632. ]
 [479.  499.  500.  ... 549.  560.  632. ]
 [479.  497.  503.  ... 548.  559.  630. ]
 ...
 [475.  493.  499.  ... 551.  550.  631.5]
 [474.  491.  496.5 ... 546.  552.  617. ]
 [475.  490.5 497.  ... 547.  550.  616.5]]"
175,['CC720188'],"[[500.  500.  503.  ... 579.  566.  553.5]
 [499.5 497.  502.5 ... 583.  563.  550.5]
 [496.  495.  501.  ... 579.  563.  552.5]
 ...
 [496.  491.  502.  ... 592.  572.  568. ]
 [494.  488.5 500.5 ... 591.  571.  564.5]
 [494.  490.  501.  ... 590.  570.  564. ]]"
176,['CC720238'],"[[327.  349.  329.  ... 404.  405.  461.5]
 [325.  346.5 328.  ... 396.  401.  450.5]
 [325.  346.  327.  ... 393.  396.  448.5]
 ...
 [327.  343.  329.  ... 399.  396.  458. ]
 [327.  343.  330.  ... 400.  398.  458. ]
 [328.  344.  329.5 ... 400.  400.  455.5]]"
177,['CC720290'],"[[661.  680.5 669.  ... 658.  600.  655.5]
 [656.  676.  659.  ... 651.  593.  645. ]
 [656.  676.  660.  ... 649.  593.  639.5]
 ...
 [664.  678.5 663.  ... 661.  601.  681.5]
 [660.  673.  663.  ... 658.  601.  681.5]
 [659.  674.  660.5 ... 656.  595.  683. ]]"
178,['CC720304'],"[[401.  439.  435.  ... 421.  436.  496.5]
 [403.  438.  433.5 ... 423.  448.  500. ]
 [401.  437.  431.  ... 426.  450.  506.5]
 ...
 [403.  439.  438.5 ... 437.  466.  523.5]
 [404.  439.  442.  ... 432.  466.  526. ]
 [403.  439.5 439.  ... 426.  455.  524. ]]"
179,['CC720329'],"[[419.  449.  456.  ... 520.  502.  550. ]
 [415.5 444.  454.  ... 516.  503.  543. ]
 [414.5 444.5 453.5 ... 516.  505.  540. ]
 ...
 [415.  446.  453.  ... 517.  507.  545. ]
 [415.  445.5 453.  ... 516.  508.  546.5]
 [416.  444.5 451.  ... 524.  515.  556.5]]"
180,['CC720358'],"[[385.  469.  394.5 ... 487.  504.  536.5]
 [380.  461.5 389.  ... 488.  502.  531. ]
 [381.5 460.  388.  ... 483.  498.  525. ]
 ...
 [387.  466.5 399.  ... 487.  504.  544. ]
 [387.  466.  396.  ... 485.  501.  533.5]
 [389.  468.  399.  ... 485.  502.  545.5]]"
181,['CC720400'],"[[530.  557.  546.5 ... 542.  527.  581. ]
 [530.  553.  546.  ... 547.  533.  579. ]
 [530.5 557.5 547.  ... 541.  531.  572.5]
 ...
 [531.  551.  550.5 ... 549.  538.  568. ]
 [528.  550.  548.  ... 546.  536.  572. ]
 [529.  548.  548.  ... 545.  534.  568.5]]"
182,['CC720407'],"[[512.5 535.  526.  ... 594.  565.  644.5]
 [512.  532.  524.  ... 599.  581.  633.5]
 [513.  533.  525.  ... 591.  568.  631.5]
 ...
 [514.  534.  533.  ... 601.  580.  623. ]
 [513.  529.  531.  ... 599.  581.  626.5]
 [513.5 533.  532.  ... 596.  575.  624. ]]"
183,['CC720497'],"[[543.5 552.  549.5 ... 477.  506.  581. ]
 [540.  548.  546.  ... 480.  505.  578.5]
 [542.  551.  547.  ... 478.  510.  579. ]
 ...
 [544.  556.  552.  ... 507.  529.  606. ]
 [544.5 552.  550.  ... 504.  535.  603.5]
 [545.  553.  549.5 ... 504.  531.  600. ]]"
184,['CC720511'],"[[367.  392.5 379.5 ... 474.  456.  521.5]
 [366.  390.5 379.  ... 476.  464.  510.5]
 [365.  390.  377.  ... 473.  455.  509.5]
 ...
 [366.  387.  380.  ... 469.  461.  523. ]
 [365.  385.  380.5 ... 467.  459.  535.5]
 [366.5 388.  380.  ... 473.  463.  529.5]]"
185,['CC720516'],"[[506.  537.  519.  ... 542.  579.  687.5]
 [503.  534.  516.  ... 534.  572.  666.5]
 [501.  534.  517.  ... 536.  567.  674.5]
 ...
 [507.  546.  519.  ... 542.  563.  675. ]
 [509.  546.  521.  ... 545.  561.  669.5]
 [509.  545.  522.  ... 553.  573.  677.5]]"
186,['CC720622'],"[[606.  616.5 594.5 ... 631.  629.  668. ]
 [607.  621.  595.  ... 634.  635.  653. ]
 [602.  613.  591.  ... 638.  629.  655. ]
 ...
 [604.  613.  594.  ... 637.  636.  654.5]
 [607.  614.5 596.  ... 638.  633.  645. ]
 [602.5 611.  594.  ... 638.  636.  660. ]]"
187,['CC720646'],"[[492.  531.  515.5 ... 516.  508.  531.5]
 [489.  529.  516.  ... 521.  504.  543.5]
 [491.5 532.5 515.  ... 519.  509.  527.5]
 ...
 [495.5 530.5 519.  ... 521.  509.  518.5]
 [490.  528.  515.5 ... 519.  506.  531.5]
 [493.  529.5 517.  ... 522.  505.  528. ]]"
188,['CC720670'],"[[531.5 500.  524.5 ... 539.  519.  544. ]
 [532.  499.  525.  ... 533.  517.  545. ]
 [533.  501.  524.  ... 535.  516.  538. ]
 ...
 [526.  500.5 522.  ... 544.  521.  561.5]
 [527.  500.  521.  ... 541.  518.  553. ]
 [528.  500.  520.  ... 544.  518.  544. ]]"
189,['CC720685'],"[[546.  560.5 546.  ... 567.  539.  564.5]
 [543.5 556.  541.  ... 560.  533.  560.5]
 [542.  557.  541.  ... 566.  536.  556. ]
 ...
 [536.  559.  538.5 ... 558.  536.  572.5]
 [537.  559.5 538.  ... 559.  527.  581.5]
 [539.  562.  536.  ... 559.  537.  569. ]]"
190,['CC720941'],"[[469.  465.  506.5 ... 594.  591.  600.5]
 [474.  467.5 509.  ... 590.  579.  597. ]
 [468.5 463.  505.5 ... 591.  589.  599.5]
 ...
 [469.  461.5 506.5 ... 598.  591.  599. ]
 [471.  462.  507.  ... 600.  585.  604. ]
 [474.  465.  507.  ... 597.  587.  598. ]]"
191,['CC720986'],"[[493.5 490.  521.  ... 560.  553.  632. ]
 [490.5 489.  518.  ... 551.  542.  619. ]
 [490.  489.5 516.5 ... 552.  546.  609.5]
 ...
 [489.  486.5 516.  ... 549.  539.  607. ]
 [490.  489.  518.  ... 550.  549.  615. ]
 [491.  489.  515.5 ... 554.  550.  620. ]]"
192,['CC721052'],"[[496.  539.  531.5 ... 598.  549.  633.5]
 [494.  531.  527.5 ... 604.  563.  635. ]
 [494.  536.5 529.  ... 608.  558.  631. ]
 ...
 [498.  533.5 531.  ... 615.  567.  629.5]
 [500.  535.  530.  ... 608.  556.  635.5]
 [498.5 535.5 532.  ... 609.  561.  629. ]]"
193,['CC721107'],"[[533.  560.5 528.  ... 475.  479.  503.5]
 [532.  557.  528.  ... 475.  476.  492.5]
 [535.  559.5 527.  ... 471.  481.  498. ]
 ...
 [534.5 562.  528.  ... 479.  488.  504. ]
 [534.  561.  526.  ... 477.  489.  501. ]
 [536.  562.  528.  ... 481.  489.  508. ]]"
194,['CC721114'],"[[368.  394.  382.  ... 398.  429.  461.5]
 [364.  388.5 381.  ... 400.  429.  458.5]
 [367.  392.  387.  ... 397.  424.  455. ]
 ...
 [365.5 390.  386.  ... 395.  428.  458. ]
 [365.  391.  389.  ... 403.  429.  463. ]
 [364.  391.  385.  ... 399.  422.  465.5]]"
195,['CC721224'],"[[358.  373.  376.  ... 430.  424.  448. ]
 [358.  373.  376.  ... 435.  422.  459.5]
 [362.  378.  376.  ... 434.  426.  451.5]
 ...
 [362.  378.  380.  ... 443.  431.  459. ]
 [359.  377.  378.  ... 441.  429.  454.5]
 [362.  378.  379.  ... 440.  429.  459.5]]"
196,['CC721291'],"[[410.  419.5 428.  ... 467.  481.  536. ]
 [406.  416.  420.  ... 455.  474.  523.5]
 [408.  416.  423.  ... 460.  475.  521.5]
 ...
 [409.  420.5 423.  ... 472.  484.  525. ]
 [410.  420.  425.  ... 471.  480.  518. ]
 [410.  420.  425.  ... 470.  487.  521.5]]"
197,['CC721292'],"[[494.5 524.  531.  ... 627.  603.  673.5]
 [491.  519.  526.  ... 618.  598.  651. ]
 [492.  524.5 529.  ... 611.  589.  645. ]
 ...
 [491.  520.  525.  ... 617.  593.  655. ]
 [491.  520.  525.  ... 620.  605.  652.5]
 [490.  518.  524.  ... 620.  596.  644. ]]"
198,['CC721374'],"[[481.  490.  482.5 ... 535.  563.  674. ]
 [480.  489.  481.5 ... 524.  557.  665.5]
 [475.  484.  478.5 ... 528.  561.  665.5]
 ...
 [475.  484.  472.  ... 538.  557.  645. ]
 [471.5 482.5 474.  ... 545.  571.  656.5]
 [472.  484.  472.5 ... 544.  569.  669. ]]"
199,['CC721377'],"[[526.  536.  544.  ... 513.  489.  526.5]
 [524.5 536.  539.  ... 513.  486.  534. ]
 [523.  535.  537.  ... 513.  481.  534. ]
 ...
 [522.  534.  535.  ... 517.  471.  526.5]
 [521.  532.5 536.  ... 511.  473.  525.5]
 [522.  534.  537.  ... 509.  470.  513. ]]"
200,['CC721392'],"[[500.  500.  510.5 ... 556.  547.  604. ]
 [502.  498.  514.5 ... 559.  551.  599.5]
 [504.  499.5 513.5 ... 563.  550.  606. ]
 ...
 [501.  496.  513.  ... 571.  537.  585.5]
 [497.  492.5 510.  ... 567.  545.  589.5]
 [498.  496.  511.  ... 564.  531.  587.5]]"
201,['CC721418'],"[[399.  390.  399.5 ... 476.  475.  522. ]
 [395.5 385.  397.  ... 470.  468.  517.5]
 [395.  387.  399.  ... 464.  466.  525.5]
 ...
 [398.5 388.5 399.  ... 466.  471.  518.5]
 [400.  387.  398.  ... 469.  473.  510.5]
 [399.  389.5 402.  ... 467.  472.  515. ]]"
202,['CC721434'],"[[444.  506.  474.  ... 509.  509.  594. ]
 [443.5 503.  472.5 ... 512.  510.  602.5]
 [445.  503.  473.  ... 512.  511.  580.5]
 ...
 [442.5 503.  476.5 ... 503.  506.  590.5]
 [442.  504.  477.5 ... 508.  509.  589. ]
 [443.  502.  474.  ... 509.  514.  592. ]]"
203,['CC721504'],"[[500.  527.  527.5 ... 493.  516.  581.5]
 [495.  520.  524.  ... 491.  507.  577. ]
 [497.  522.  524.5 ... 484.  507.  570.5]
 ...
 [497.5 521.  524.  ... 492.  511.  573.5]
 [493.5 517.5 523.  ... 485.  503.  570. ]
 [496.  520.  525.  ... 489.  506.  568.5]]"
204,['CC721519'],"[[490.  495.  492.  ... 421.  438.  506.5]
 [491.  493.  491.  ... 416.  435.  507. ]
 [489.  492.5 489.  ... 419.  428.  501.5]
 ...
 [487.  494.  486.  ... 411.  433.  502. ]
 [489.  494.5 486.  ... 407.  432.  493. ]
 [485.  492.  485.5 ... 410.  434.  501.5]]"
205,['CC721532'],"[[451.5 449.  460.  ... 544.  555.  623.5]
 [450.  447.  456.5 ... 531.  541.  611.5]
 [451.  447.  457.5 ... 530.  538.  611. ]
 ...
 [450.  448.5 457.  ... 540.  542.  616. ]
 [450.  449.  459.  ... 536.  546.  625. ]
 [453.  449.5 459.  ... 537.  544.  621. ]]"
206,['CC721585'],"[[599.  585.5 600.  ... 435.  443.  518.5]
 [598.5 586.  593.  ... 421.  434.  513. ]
 [598.  582.5 589.  ... 413.  432.  509.5]
 ...
 [598.  586.  591.  ... 432.  440.  519.5]
 [597.  582.5 586.  ... 421.  433.  522. ]
 [597.  584.  590.  ... 429.  440.  518.5]]"
207,['CC721618'],"[[359.  373.  376.  ... 427.  439.  550.5]
 [357.5 368.  376.  ... 426.  435.  534. ]
 [356.5 367.  372.  ... 426.  436.  534. ]
 ...
 [357.  364.5 369.  ... 439.  449.  541. ]
 [357.  366.  370.5 ... 434.  443.  532. ]
 [360.  366.  373.  ... 435.  448.  533. ]]"
208,['CC721648'],"[[630.  612.  613.5 ... 587.  564.  610. ]
 [631.  610.5 612.  ... 578.  555.  614.5]
 [628.  610.5 612.  ... 578.  551.  619. ]
 ...
 [631.  610.5 614.  ... 591.  563.  611. ]
 [633.  609.  616.  ... 591.  559.  610.5]
 [633.  612.  620.  ... 580.  555.  608.5]]"
209,['CC721704'],"[[605.  629.5 605.  ... 577.  565.  582. ]
 [605.  631.  610.  ... 575.  566.  576. ]
 [602.  627.  606.  ... 577.  569.  577.5]
 ...
 [598.5 629.  615.  ... 575.  556.  566. ]
 [598.  628.  616.5 ... 574.  569.  576. ]
 [598.  627.  615.  ... 569.  560.  574.5]]"
210,['CC721707'],"[[592.5 609.  612.5 ... 568.  550.  618.5]
 [593.  608.  608.  ... 576.  556.  630. ]
 [585.5 600.5 610.  ... 573.  556.  634. ]
 ...
 [588.5 602.  608.  ... 570.  545.  629. ]
 [583.5 598.  609.  ... 569.  543.  627. ]
 [589.  602.5 610.  ... 568.  548.  636. ]]"
211,['CC721729'],"[[396.  420.  403.  ... 486.  489.  544. ]
 [395.  418.  400.  ... 487.  489.  534. ]
 [396.5 420.  401.  ... 485.  490.  523.5]
 ...
 [397.  423.  403.  ... 484.  491.  523.5]
 [405.  428.  410.  ... 473.  484.  529. ]
 [397.  419.  402.  ... 476.  483.  520.5]]"
212,['CC721888'],"[[498.  520.  538.  ... 320.  359.  418. ]
 [495.5 515.  533.  ... 320.  360.  418. ]
 [496.  515.  536.  ... 317.  354.  411. ]
 ...
 [497.  518.  529.5 ... 324.  371.  443. ]
 [493.5 517.5 529.  ... 325.  370.  438.5]
 [497.  518.  534.  ... 321.  369.  444.5]]"
213,['CC721891'],"[[443.  462.5 461.  ... 531.  515.  579.5]
 [442.  461.  459.  ... 529.  505.  575. ]
 [443.  460.  460.  ... 525.  511.  569. ]
 ...
 [443.  463.  462.  ... 534.  518.  578. ]
 [444.  463.  462.  ... 527.  512.  571.5]
 [441.  462.  461.5 ... 531.  518.  583. ]]"
214,['CC721894'],"[[464.  463.  443.  ... 505.  524.  583.5]
 [459.  456.5 437.5 ... 506.  520.  569.5]
 [461.  461.  437.  ... 503.  519.  575.5]
 ...
 [462.  462.  442.  ... 509.  521.  577. ]
 [459.  458.  440.5 ... 505.  518.  572.5]
 [464.5 466.  444.  ... 507.  518.  572. ]]"
215,['CC722216'],"[[624.  626.5 630.  ... 623.  617.  635.5]
 [624.  624.  628.  ... 621.  617.  626.5]
 [622.  622.  627.  ... 623.  617.  621. ]
 ...
 [610.  622.  611.5 ... 625.  614.  626. ]
 [611.  623.  611.5 ... 626.  613.  620. ]
 [608.  620.5 611.  ... 622.  610.  628. ]]"
216,['CC722421'],"[[450.5 447.5 484.5 ... 483.  460.  526. ]
 [448.  446.  483.  ... 475.  467.  523.5]
 [448.5 448.  482.5 ... 469.  461.  515. ]
 ...
 [446.5 447.  478.  ... 482.  465.  521. ]
 [447.  448.  479.  ... 483.  470.  525. ]
 [445.  446.  477.  ... 478.  467.  526. ]]"
217,['CC722536'],"[[719.  728.5 731.  ... 575.  584.  650.5]
 [713.  717.  721.  ... 560.  575.  631. ]
 [715.5 720.5 723.  ... 565.  573.  632. ]
 ...
 [719.5 726.5 721.  ... 561.  573.  628.5]
 [722.  728.  725.5 ... 560.  571.  635. ]
 [716.  722.  717.  ... 558.  571.  646. ]]"
218,['CC722542'],"[[571.  574.  556.5 ... 655.  636.  661.5]
 [562.  565.5 553.  ... 653.  644.  670. ]
 [569.  571.  552.  ... 647.  637.  657. ]
 ...
 [569.  571.  556.  ... 648.  636.  654. ]
 [569.  576.  559.  ... 655.  643.  677.5]
 [568.5 569.  555.5 ... 652.  642.  659. ]]"
219,['CC722651'],"[[526.  530.  537.  ... 606.  632.  695.5]
 [526.  531.  535.  ... 606.  633.  684. ]
 [525.  529.  533.  ... 599.  628.  682.5]
 ...
 [524.  528.5 536.5 ... 605.  633.  692.5]
 [525.  524.5 535.  ... 606.  634.  691. ]
 [524.  527.  536.  ... 605.  631.  697.5]]"
220,['CC722891'],"[[510.  504.  524.5 ... 552.  542.  585.5]
 [508.  500.  523.  ... 548.  532.  588.5]
 [510.  502.  523.5 ... 546.  534.  580.5]
 ...
 [502.5 502.  511.5 ... 550.  530.  572.5]
 [501.  502.  512.  ... 549.  534.  561. ]
 [501.  503.  512.  ... 549.  536.  574.5]]"
221,['CC723197'],"[[586.  603.  596.  ... 563.  534.  630. ]
 [585.5 601.5 594.5 ... 563.  527.  617. ]
 [584.  597.  594.  ... 565.  528.  612.5]
 ...
 [581.5 597.  597.5 ... 577.  534.  628. ]
 [581.  599.  595.  ... 575.  531.  626. ]
 [579.5 597.  594.5 ... 574.  530.  627.5]]"
222,['CC723395'],"[[532.  524.  524.  ... 608.  613.  698.5]
 [533.  523.  523.5 ... 603.  614.  691. ]
 [533.  525.  526.  ... 606.  616.  685. ]
 ...
 [531.  527.  520.  ... 618.  618.  701.5]
 [531.  527.  519.  ... 612.  611.  691. ]
 [531.  526.5 518.  ... 605.  614.  685.5]]"
